"1712909","Huỳnh Quang Vinh","Công nghệ thông tin","2017","21/01/1999","Images/1712909.jpg","Tôi là một người vui tính","Thể thao: bóng đá, bóng bàn"
"1812001","Lê Văn A","Công nghệ sinh học","2018","22/02/2000","1812001.jpg","Tôi là một người thân thiện"
"1712001","Trần Văn B","Môi trường","2017","04/05/1999","1712001.jpg","Tôi là một người năng động","Thể thao: bóng rổ","Âm nhạc: Sam Smith","Phim: Titanic, Captain Phillips","Sách: Tôi đi code dạo, Trên đường băng","Nhạc cụ: Piano, Guitar"
"1712002","Nguyễn Thị C","Vật liệu","2017","09/03/1999","1712002.jpg","Tôi là một người thông minh","Thể thao: cờ vua","Âm nhạc: Imagine Dragons"
"1712999","Lê Văn Hưu","Toán - tin","2017","02/04/1999","1712999.jpg","Chào mọi người! Tôi bị gay","Bơi lội"
"1615999","Albert Einstein","Vật lí - vật lí kĩ thuật","1975","06/09/1969","einstein.jpg","Everybody is a genius. But if you judge a fish by its ability to climb a tree, it would live its whole life believing that it is stupid. That's actually someone else's quote. I didn't even say that.","figuring stuff out"